{
  "project_info": {
    "project_number": "584273421888",
    "firebase_url": "https://inbedideas.firebaseio.com",
    "project_id": "inbedideas",
    "storage_bucket": "inbedideas.appspot.com"
  },
  "client": [
    {
      "client_info": {
        "mobilesdk_app_id": "1:584273421888:android:7d64f6762e64fb72e761a5",
        "android_client_info": {
          "package_name": "com.hiwa.inbedidea"
        }
      },
      "oauth_client": [
        {
          "client_id": "584273421888-jh3f7c2mu9lnjqe02opf150joi1e3cmd.apps.googleusercontent.com",
          "client_type": 1,
          "android_info": {
            "package_name": "com.hiwa.inbedidea",
            "certificate_hash": "80e9b2c0cc0b39cba399c3474dead6be88771e02"
          }
        },
        {
          "client_id": "584273421888-gkeg55o1r3dl1gn571jjv35kdkti5q0h.apps.googleusercontent.com",
          "client_type": 3
        }
      ],
      "api_key": [
        {
          "current_key": "AIzaSyBEGZBoZOhTC98-CzBi4tm3Hgy6jYFv_S4"
        }
      ],
      "services": {
        "appinvite_service": {
          "other_platform_oauth_client": [
            {
              "client_id": "584273421888-gkeg55o1r3dl1gn571jjv35kdkti5q0h.apps.googleusercontent.com",
              "client_type": 3
            }
          ]
        }
      },
      "admob_app_id": "ca-app-pub-2856464717670030~1594650793"
    }
  ],
  "configuration_version": "1"
}